{
  "source": "./src",
  "includes": [
    "muxy.js",
    "sdk.js",
    "twitch-client.js",
    "state-client.js",
    "user.js",
    "util.js"
  ],
  "destination": "./dist/docs",
  "plugins": [
    {
      "name": "esdoc-standard-plugin",
      "option": {
        "brand": {
          "logo": "./assets/images/logo.png",
          "title": "Muxy Extensions SDK",
          "description": "The missing backend to Twitch Extensions",
          "repository": "https://github.com/muxy/extensions-js",
          "site": "https://dev.muxy.io",
          "author": "Muxy, Inc"
        },
        "unexportedIdentifier": {
          "enable": true
        },
        "manual": {
          "index": "./manual/index.md",
          "asset": "./manual/assets",
          "files": [
            "./manual/setup.md",
            "./manual/using.md",
            "./manual/data.md",
            "./manual/events.md",
            "./manual/twitch.md",
            "./manual/analytics.md",
            "./manual/extension-rig.md",
            "./manual/app-rig.md",
            "./CHANGELOG.md"
          ]
        }
      }
    },
    {
      "name": "esdoc-integrate-test-plugin",
      "option": {
        "source": "./spec/",
        "interfaces": [
          "describe",
          "it",
          "context",
          "suite",
          "test"
        ],
        "includes": [
          "spec\\.js$"
        ]
      }
    },
    {
      "name": "esdoc-publish-html-plugin",
      "option": {
        "template": "docs/template"
      }
    },
    {
      "name": "esdoc-ecmascript-proposal-plugin",
      "option": {
        "all": true
      }
    }
  ]
}